{"current":{"color_body_bg":"#ffffff","color_body_text":"#000000","color_borders":"#e8e8e1","color_button":"#111111","color_button_text":"#fff","color_footer":"#111111","color_footer_text":"#fff","color_drawer_background":"#ffffff","color_drawer_text":"#000000","color_drawer_border":"#e8e8e1","color_drawer_button":"#111111","color_drawer_button_text":"#ffffff","color_image_2":"#000000","color_image_2_opacity":0,"color_image_1":"#000000","color_image_1_opacity":62,"color_small_image_bg":"#fff","color_large_image_bg":"#111111","type_header_font_family":"itc_avant_garde_gothic_n7","type_header_spacing":"0","type_header_base_size":35,"type_header_line_height":1.2,"type_header_accent_transform":true,"type_base_font_family":"futura_n4","type_base_spacing":"25","type_base_size":17,"type_base_line_height":1.6,"type_base_accent_transform":true,"icon_weight":"4px","icon_linecaps":"miter","animate_page_transitions":true,"animate_page_transition_style":"page-slow-fade","animate_sections":true,"animate_sections_background_style":"zoom-fade","animate_sections_text_style":"rise-up","animate_images":true,"animate_images_style":"zoom-fade","animate_buttons":true,"animate_underlines":true,"quantity_enable":true,"variant_labels_enable":true,"variant_type":"button","enable_payment_button":true,"inventory_enable":false,"product_save_type":"percent","product_zoom_enable":false,"quick_shop_enable":true,"quick_shop_text":"Quick view","product_grid_image_size":"natural","product_color_swatches":true,"collection_color_swatches":true,"product_content_1":"faq","product_contact":true,"product_contact_show_phone":false,"enable_product_reviews":false,"cart_type":"drawer","currency_format":"money_format","supported_currencies":"USD CAD INR GBP AUD EUR JPY","social_facebook_link":"https:\/\/www.facebook.com\/","social_twitter_link":"https:\/\/x.com\/login?","share_facebook":true,"share_twitter":true,"share_pinterest":true,"show_breadcrumbs":false,"checkout_header_image":"","checkout_logo_image":"","checkout_logo_position":"left","checkout_logo_size":"medium","checkout_body_background_image":"","checkout_body_background_color":"#fff","checkout_input_background_color_mode":"white","checkout_sidebar_background_image":"","checkout_sidebar_background_color":"#fafafa","checkout_heading_font":"Helvetica Neue","checkout_body_font":"Helvetica Neue","checkout_accent_color":"#111111","checkout_button_color":"#111111","checkout_error_color":"#ff6d6d","default_currency":"USD","color_image_bg":"#000000","breadcrumb":true,"color_sale_tag":"#990000","color_input":"#ffffff","checkout_banner_background_color":"#fff","checkout_call_to_action_color":"#a26b25","checkout_use_header_image":false,"sections":{"header":{"type":"header","blocks":{"logo_FdWeka":{"type":"logo","settings":{"logo":"shopify:\/\/shop_images\/logo-black-105_2a6014ec-2333-4b87-8b97-b4c9e82adbdd.avif","logo-inverted":"shopify:\/\/shop_images\/logo-white-105_c995ffd6-8904-4f62-aa72-5276d0c09831.avif","desktop_logo_width":100,"mobile_logo_width":60}}},"block_order":["logo_FdWeka"],"settings":{"main_menu_link_list":"main-menu","main_menu_alignment":"left-center","header_style":"normal","sticky_index":true,"sticky_collection":false,"type_navigation_size":17,"type_navigation_style":false,"show_announcement":true,"announcement_text":"Free shipping and returns over $50","announcement_link":"shopify:\/\/policies\/shipping-policy","announcement_closable":false}},"footer":{"type":"footer","blocks":{"1494292481350":{"type":"logo_social","settings":{"logo":"shopify:\/\/shop_images\/logo-white-105_71e79249-fe62-4301-8a26-2342f207106a.webp","desktop_logo_height":50,"container_width":17}},"1494301487049":{"type":"menu","settings":{"show_footer_title":true,"menu":"main-menu","container_width":21}},"menu_Yi3CiD":{"type":"menu","settings":{"show_footer_title":true,"menu":"men","container_width":17}},"1494292485313":{"type":"menu","settings":{"show_footer_title":true,"menu":"men","container_width":15}},"1494292487693":{"type":"newsletter","settings":{"show_footer_title":true,"title":"Sign up and save","richtext":"<p>Subscribe to get special offers, free giveaways, and once-in-a-lifetime deals.<\/p>","container_width":30}}},"block_order":["1494292481350","1494301487049","menu_Yi3CiD","1494292485313","1494292487693"],"settings":{"show_payment_icons":true,"show_copyright":true,"copyright_text":""}},"collection-template":{"type":"collection-template","settings":{"per_row":4,"collection_image_enable":true,"parallax":true,"description_position":"bottom","collection_subnav_style":"inline","collection_tags_style":"none","collection_sort_enable":false}},"product-template":{"type":"product-template","settings":{"image_size":"medium","thumbnail_position":"beside","thumbnail_arrows":true,"description_style":"default","social_enable":true}},"article-template":{"type":"article-template","settings":{"blog_show_image":false,"blog_show_tags":false,"blog_show_date":true,"blog_show_comments":true,"blog_show_author":false,"social_sharing_blog":true}},"1498163293234":{"type":"featured-content","settings":{"title":"","text":"<p><br\/>We design durable travel apparel with a conscience — 100% made in America. <br\/>Products by <a href=\"http:\/\/unitedbyblue.com\" title=\"http:\/\/unitedbyblue.com\">United By Blue<\/a>. Video by <a href=\"https:\/\/www.youtube.com\/watch?v=V2vwFS8ae2I&t=5s\" title=\"https:\/\/www.youtube.com\/watch?v=V2vwFS8ae2I&t=5s\">Seth Morrisey<\/a>.<br\/><br\/><\/p>","align_text":"center","narrow_column":false,"enlarge_text":true,"divider":false}},"1498501481980":{"type":"fading-images","blocks":{"1498501481980-0":{"type":"image","settings":{"image":"shopify:\/\/shop_images\/david-marcu-114194_1.webp","focal_point":"center center","slide_title1":"The adventurous.","slide_title2":""}},"1498501481980-1":{"type":"image","settings":{"image":"shopify:\/\/shop_images\/unsplash6_8c550b31-d1f8-4eb7-82cd-4ad83611559b.webp","focal_point":"center center","slide_title1":"And the fearless.","slide_title2":""}},"1498501481980-2":{"type":"image","settings":{"image":"shopify:\/\/shop_images\/unsplash2_da508866-2747-4a3b-9383-3278ed429e25.webp","focal_point":"center center","slide_title1":"For the explorers.","slide_title2":""}}},"block_order":["1498501481980-0","1498501481980-1","1498501481980-2"],"settings":{"title_lines":"1","title_font":"heading","title_size":45,"title_color":"#ffffff","title_bg_color":"rgba(0,0,0,0)","text_align":"vertical-center horizontal-center","link":"shopify:\/\/collections","slide_speed":5,"color_overlay":"#000000","color_overlay_opacity":30,"desktop_height":"550px","mobile_height":"auto"}},"blog-template":{"type":"blog-template","settings":{"blog_show_tag_filter":false,"blog_show_rss":false,"blog_show_tags":false,"blog_show_date":true,"blog_show_comments":true,"blog_show_author":false}},"1566999869051":{"type":"featured-collection-switcher","settings":{"title":"Most popular","collection1":"men","collection2":"women","per_row":4,"view_all":true,"divider":false}},"1499789718857":{"type":"featured-collections","blocks":{"1499789718857-0":{"type":"collection","settings":{"collection":"men","focal_point":"center center","size":"wide"}},"1499789718857-1":{"type":"collection","settings":{"collection":"pullovers","focal_point":"center center","size":"square-small"}},"1499789718857-2":{"type":"collection","settings":{"collection":"bags","focal_point":"center center","size":"square-small"}},"1499789718857-3":{"type":"collection","settings":{"collection":"backpacks","focal_point":"center center","size":"square-small"}},"collection_cpXaDx":{"type":"collection","settings":{"collection":"camp","focal_point":"center center","size":"square-small"}},"1499789718857-4":{"type":"collection","settings":{"collection":"women","focal_point":"center center","size":"wide"}}},"block_order":["1499789718857-0","1499789718857-1","1499789718857-2","1499789718857-3","collection_cpXaDx","1499789718857-4"],"settings":{"title":"","divider":false,"enable_gutter":false}},"1499790633921":{"type":"background-image-text","settings":{"subtitle":"Athlete feature","title":"James Harrison","text":"<p>We know how important it is to have gear that doesn't let you down when <br\/>you're pushing your limits. That's why we only use the highest <br\/>quality fabrics.<br\/><br\/><\/p>","button_label":"","button_link":"shopify:\/\/collections","image":"shopify:\/\/shop_images\/123.webp","focal_point":"80% 0","color_border":"#f4f4f4","layout":"left","height":650,"parallax":true}},"1499790731541":{"type":"collection-callout","settings":{"collection":"women","subtitle":"Brand new","title":"Summer wear","text":"Check out our comfy crewnecks, lightweight khakis, breathable tanktops and more.","cta_text1":"Shop Tops","cta_link1":"shopify:\/\/collections\/women","cta_text2":"Shop All Womens","cta_link2":"shopify:\/\/collections\/women","layout":"right","divider":false}},"product-sections-template":{"type":"product-sections-template","blocks":{"product-image-row":{"type":"image-row","settings":{}},"product-text-and-image":{"type":"text-and-image","settings":{}},"product-background-image-text":{"type":"background-image-text","settings":{"layout":"right"}},"product-text-columns":{"type":"text-columns","settings":{}},"product-hero-video":{"type":"hero-video","settings":{}}},"block_order":["product-image-row","product-text-and-image","product-background-image-text","product-text-columns","product-hero-video"],"settings":{}},"page-sections-template":{"type":"page-sections-template","blocks":{"fading_images_AeVQfm":{"type":"fading-images","settings":{"title_lines":"2","title_font":"body","title_size":36,"title_color":"#ffffff","title_bg_color":"rgba(0,0,0,0)","text_align":"vertical-center horizontal-left","link":"","slide_speed":5,"color_overlay":"#000000","color_overlay_opacity":30,"desktop_height":"650px","mobile_height":"auto","enable_image_1":true,"image_1":"shopify:\/\/shop_images\/luca-bravo-121931.webp","focal_point_1":"center center","slide_title_1a":"Founded in 2002","slide_title_1b":"we employ 20 local artists","enable_image_2":true,"image_2":"shopify:\/\/shop_images\/artist.webp","focal_point_2":"center center","slide_title_2a":"locally-made goods","slide_title_2b":"sustainable apparel","enable_image_3":true,"image_3":"shopify:\/\/shop_images\/apparel.webp","focal_point_3":"center center","slide_title_3a":"","slide_title_3b":""}},"rich_text_VKTWHH":{"type":"rich-text","settings":{"title":"","text":"<p><br\/>When we set out to create eight pieces that would bring out the best of <br\/>both Chaco and United By Blue, we knew there were a couple things we had<br\/> to bring to the table: Every piece had to be both land and water <br\/>friendly, and made with the outdoors in mind. <\/p>","align_text":"center","narrow_column":false,"enlarge_text":false}},"text_and_image_cNrNpY":{"type":"text-and-image","settings":{"image":"shopify:\/\/shop_images\/contact.webp","image_width":500,"subtitle":"estd. 2002","title":"Our Brooklyn store","text":"<p>Where it all started. You'll find all the brands we carry here in a <br\/>restored 1800's tile factory warehouse in downtown Williamsburg.<br\/><\/p>","button_label":"Continue reading","button_link":"","layout":"left"}},"map_BW7m4g":{"type":"map","settings":{"map_title":"Our retail store","address":"<p>301 Front St W<br\/>Toronto, Canada<\/p><p>Mon - Fri, 8:30am - 10:30pm<br\/>Saturday, 8:30am - 10:30pm<br\/>Sunday, 8:30am - 10:30pm<\/p>","map_address":"301 Front St W, Toronto, ON M5V 2T6","api_key":"","show_button":true,"background_image":"shopify:\/\/shop_images\/premium_photo-1713375115009-9dfaa151ab61.avif","background_image_position":"center center"}},"text_and_image_6Vwabr":{"type":"text-and-image","settings":{"image":"shopify:\/\/shop_images\/store2_553eb4da-8247-4af7-947c-56d6a4751dab.jpg","image_width":500,"subtitle":"ESTD. 2004","title":"Downtown Philly","text":"<p>Our first expansion. You'll find our core product line here in a <br\/>restored 1800's tile factory warehouse in downtown Philadelphia.<br\/><\/p>","button_label":"Continue reading","button_link":"","layout":"right"}},"text_and_image_8BxARB":{"type":"text-and-image","settings":{"image":"shopify:\/\/shop_images\/contact3.webp","image_width":500,"subtitle":"Jul 16, 2017","title":"New retail locations","text":"<p><br\/>We’ve got a lot of respect for our retail team, and not just for their <br\/>enviable ability to perfectly fold a tee — they’re also the first people<br\/> we turn to when it comes to styling our stuff.  And since...<br\/><\/p>","button_label":"Continue reading","button_link":"","layout":"left"}},"featured_collection_yTe3MT":{"type":"featured-collection","settings":{"title":"Shop the classics","collection":"women","per_row":4,"rows":1,"view_all":true}},"contact_form_KCc9QM":{"type":"contact-form","settings":{"title":"Questions? Get in touch.","show_phone":false,"narrow_column":true}},"page-text-columns":{"type":"text-columns","settings":{"title":"","align_text":"left","enable_image_1":true,"image_1":"shopify:\/\/shop_images\/unsplash7_054497b3-f734-475f-985b-65d5c78adc53.webp","title_1":"Inspired by nature","text_1":"<p><\/p><p>You'll find all the brands we carry here in a restored 1800's tile factory warehouse in downtown Williamsburg.<\/p>","button_label_1":"Our story","button_link_1":"shopify:\/\/collections\/men","enable_image_2":true,"image_2":"shopify:\/\/shop_images\/unsplash10.webp","title_2":"James Harrison Interview","text_2":"<p><\/p><p>You'll find our core product line here in a restored 1800's tile factory warehouse in downtown Philadelphia.<\/p>","button_label_2":"Read the journal","button_link_2":"shopify:\/\/blogs\/summer-collection","enable_image_3":true,"image_3":"shopify:\/\/shop_images\/123.webp","title_3":"Seasonal savings","text_3":"<p><\/p><p>Save up to 30% on last season's apparel. Shop now while supplies last with free shipping over $100.<\/p>","button_label_3":"Shop sale","button_link_3":""}}},"block_order":["fading_images_AeVQfm","rich_text_VKTWHH","text_and_image_cNrNpY","map_BW7m4g","text_and_image_6Vwabr","text_and_image_8BxARB","featured_collection_yTe3MT","contact_form_KCc9QM","page-text-columns"],"settings":{"page_title_enable":true,"page_content_enable":true}},"newsletter-popup":{"type":"newsletter-popup","settings":{"mode":"enabled","popup_seconds":5,"popup_days":15,"popup_title":"Sign up and save","popup_image":"shopify:\/\/shop_images\/3691857.webp","popup_text":"<p>Entice customers to sign up for your mailing list with discounts or exclusive offers. Include an image for extra impact.<br\/><\/p>","close_text":"","enable_newsletter":true,"button_label":"Optional button","button_link":"shopify:\/\/blogs\/summer-collection","enable_button":false}},"product-recommendations":{"type":"product-recommendations","settings":{"show_product_recommendations":true,"product_recommendations_heading":"You may also like","related_count":5}},"product-collection-links":{"type":"product-collection-links","settings":{"collection_links_enable":true}},"testimonials_8UHkRD":{"type":"testimonials","blocks":{"testimonial_474xij":{"type":"testimonial","settings":{"testimonial":"<p>★★★★★<\/p><p>Arrived fast and beautifully boxed. They even let me model on their site :)<\/p>","image":"shopify:\/\/shop_images\/testimonial1.avif","author":"James L."}},"testimonial_KCdf8M":{"type":"testimonial","settings":{"testimonial":"<p>★★★★★<\/p><p>Arrived fast and beautifully boxed. They even let me model on their site :)<\/p>","image":"shopify:\/\/shop_images\/testimonial4.avif","author":"Sharon S."}},"testimonial_mxeYmx":{"type":"testimonial","settings":{"testimonial":"<p>★★★★★<\/p><p>Arrived fast and beautifully boxed. They even let me model on their site :)<\/p>","image":"shopify:\/\/shop_images\/Screen_Shot_2020-10-09_at_12.17.44_PM.avif","author":"Rachel F."}},"testimonial_3TUeUm":{"type":"testimonial","settings":{"testimonial":"<p>★★★★★<\/p><p>Arrived fast and beautifully boxed. They even let me model on their site :)<\/p>","image":"shopify:\/\/shop_images\/testimonial2.avif","author":"Sharon S."}},"testimonial_x6kjMe":{"type":"testimonial","settings":{"testimonial":"<p>★★★★★<\/p><p>Arrived fast and beautifully boxed. They even let me model on their site :)<\/p>","image":"shopify:\/\/shop_images\/testimonial1.avif","author":"James L."}},"testimonial_DKy9aA":{"type":"testimonial","settings":{"testimonial":"<p>★★★★★<\/p><p>Arrived fast and beautifully boxed. They even let me model on their site :)<\/p>","image":"shopify:\/\/shop_images\/Screen_Shot_2020-10-09_at_12.17.44_PM.avif","author":"Rachel F."}},"testimonial_KjhPAn":{"type":"testimonial","settings":{"testimonial":"<p>★★★★★<\/p><p>Arrived fast and beautifully boxed. They even let me model on their site :)<\/p>","image":"shopify:\/\/shop_images\/testimonial4.avif","author":"Rachel F."}},"testimonial_TR7itU":{"type":"testimonial","settings":{"testimonial":"<p>★★★★★<\/p><p>Arrived fast and beautifully boxed. They even let me model on their site :)<\/p>","image":"shopify:\/\/shop_images\/testimonial2.avif","author":"Rachel F."}}},"block_order":["testimonial_474xij","testimonial_KCdf8M","testimonial_mxeYmx","testimonial_3TUeUm","testimonial_x6kjMe","testimonial_DKy9aA","testimonial_KjhPAn","testimonial_TR7itU"],"name":"Testimonials","settings":{"title":"Don't take our word for it","align_text":"center","round_images":true,"divider":false}},"featured_collection_33cwHy":{"type":"featured-collection","name":"Featured collection","settings":{"title":"Just Restocked","home_featured_products":"women","per_row":4,"rows":1,"view_all":true,"divider":false}},"newsletter_GPxgpU":{"type":"newsletter","name":"Newsletter","settings":{"title":"Sign up and save","text":"<p>Subscribe to get special offers, free giveaways, and once-in-a-lifetime deals.<\/p>","color_background":"#f9f9f9","color_text":"#1c1d1d"}},"map_N83Lyd":{"type":"map","name":"Map","settings":{"map_title":"Local pickup available","address":"<p>301 Front St W<br\/>Toronto, Canada<\/p><p>Mon - Fri, 8:30am - 10:30pm<br\/>Saturday, 8:30am - 10:30pm<br\/>Sunday, 8:30am - 10:30pm<\/p>","map_address":"301 Front St W, Toronto, ON M5V 2T6","api_key":"https:\/\/maps.googleapis.com\/maps\/api\/js?key=AIzaSyAOVYRIgupAurZup5y1PRh8Ismb1A3lLao&libraries=places&callback=initMap","show_button":true,"background_image":"shopify:\/\/shop_images\/premium_photo-1713375115009-9dfaa151ab61.avif","background_image_position":"center center"}},"blog_posts_hr86kh":{"type":"blog-posts","name":"Blog posts","settings":{"title":"From the journal","blog":"summer-collection","post_limit":3,"blog_show_tags":false,"blog_show_date":true,"blog_show_comments":false,"blog_show_author":false,"view_all":true,"divider":true}},"featured_product_FDdg8F":{"type":"featured-product","name":"Featured product","settings":{"featured_product":"pine-bear-tee","thumbnail_position":"beside","thumbnail_arrows":false,"show_description":true,"divider":false}},"page-faq-template":{"type":"page-faq-template","blocks":{"page-faq-template-0":{"type":"rich-text","settings":{"title":"Shipping policy","text":"<p>Use this section for any descriptive text you need to fill out your pages or to add introductory headings between other blocks.<\/p>","align_text":"left"}},"page-faq-template-1":{"type":"question","settings":{"title":"Where do you ship to?","text":"<p>Use this text to answer questions in as much detail as possible for your customers.<\/p>"}},"page-faq-template-2":{"type":"question","settings":{"title":"How long will my order take?","text":"<p>Use this text to answer questions in as much detail as possible for your customers.<\/p>"}},"page-faq-template-3":{"type":"rich-text","settings":{"title":"Returns and exchanges","text":"<p>Use this section for any descriptive text you need to fill out your pages or to add introductory headings between other blocks.<\/p>","align_text":"left"}},"question_rdEF7w":{"type":"question","settings":{"title":"Frequently asked question","text":"<p>Use this text to answer questions in as much detail as possible for your customers.<\/p>"}},"page-faq-template-4":{"type":"question","settings":{"title":"How do I ship my order back to you?","text":"<p>Use this text to answer questions in as much detail as possible for your customers.<\/p>"}}},"block_order":["page-faq-template-0","page-faq-template-1","page-faq-template-2","page-faq-template-3","question_rdEF7w","page-faq-template-4"],"settings":{"page_title_enable":false,"page_content_enable":false}},"hero_video_3JRz4Q":{"type":"hero-video","name":"Video hero","settings":{"title":"Into the wild","title_size":80,"subheading":"Seamless hero videos","link_text":"Watch","link":"shopify:\/\/products\/chelan-dress","text_align":"vertical-center horizontal-center","video_url":"https:\/\/cdn.shopify.com\/videos\/c\/o\/v\/489dd051024245418fbdcdc66192bb11.mp4","section_height":"650px","mobile_height":"auto"}},"custom_boxres_Ax6fTx":{"type":"custom-boxres","disabled":true,"name":"4 Boxes Grid","settings":{"title_1":"Box 1","title_2":"Box 2","title_3":"Box 3","title_4":"Box 4"}}},"content_for_index":["custom_boxres_Ax6fTx","1498501481980","1566999869051","1499790731541","hero_video_3JRz4Q","1498163293234","1499789718857","testimonials_8UHkRD","featured_collection_33cwHy","featured_product_FDdg8F","1499790633921","blog_posts_hr86kh","newsletter_GPxgpU","map_N83Lyd"],"blocks":{"14060646107696862457":{"type":"shopify:\/\/apps\/judge-me-reviews\/blocks\/judgeme_core\/61ccd3b1-a9f2-4160-9fe9-4fec8413e5d8","disabled":false,"settings":{}}}},"presets":{"Classic":{"color_body_bg":"#ffffff","color_body_text":"#000000","color_borders":"#e8e8e1","color_button":"#111111","color_button_text":"#fff","color_drawer_background":"#ffffff","color_drawer_text":"#000000","color_drawer_border":"#e8e8e1","color_drawer_button":"#111111","color_drawer_button_text":"#ffffff","color_footer":"#111111","color_footer_text":"#fff","color_image_1":"#000000","color_image_1_opacity":62,"color_image_2":"#000000","color_image_2_opacity":0,"color_small_image_bg":"#fff","color_large_image_bg":"#111111","type_header_spacing":"0","type_header_font_family":"itc_avant_garde_gothic_n7","type_header_base_size":35,"type_header_line_height":1.2,"type_header_accent_transform":true,"type_base_font_family":"futura_n4","type_base_spacing":"25","type_base_size":17,"type_base_line_height":1.6,"type_base_accent_transform":true,"icon_weight":"4px","icon_linecaps":"miter","animate_page_transitions":true,"animate_page_transition_style":"page-slow-fade","animate_sections":true,"animate_sections_background_style":"zoom-fade","animate_sections_text_style":"rise-up","animate_images":true,"animate_images_style":"zoom-fade","animate_buttons":true,"animate_underlines":true,"quick_shop_text":"Quick view","cart_type":"drawer","currency_format":"money_format","supported_currencies":"USD CAD INR GBP AUD EUR JPY","default_currency":"USD","share_facebook":true,"share_twitter":true,"share_pinterest":true,"checkout_header_image":"","checkout_logo_image":"","checkout_logo_position":"left","checkout_logo_size":"medium","checkout_body_background_image":"","checkout_body_background_color":"#fff","checkout_input_background_color_mode":"white","checkout_sidebar_background_image":"","checkout_sidebar_background_color":"#fafafa","checkout_heading_font":"Helvetica Neue","checkout_body_font":"Helvetica Neue","checkout_accent_color":"#111111","checkout_button_color":"#111111","checkout_error_color":"#ff6d6d","color_image_bg":"#000000","breadcrumb":true,"color_sale_tag":"#990000","color_input":"#ffffff","checkout_banner_background_color":"#fff","checkout_call_to_action_color":"#a26b25","checkout_use_header_image":false,"sections":{"header":{"type":"header","settings":{"main_menu_link_list":"main-menu","sticky_index":true,"sticky_collection":false,"show_announcement":true}},"footer":{"type":"footer","blocks":{"1494292481350":{"type":"logo_social","settings":{"container_width":20}},"1494292485313":{"type":"menu","settings":{"menu":"main-menu","container_width":20}},"1494292487693":{"type":"newsletter","settings":{"container_width":33}},"1494301487049":{"type":"menu","settings":{"menu":"footer","container_width":20}}},"block_order":["1494292481350","1494301487049","1494292485313","1494292487693"],"settings":{"show_payment_icons":false}},"collection-template":{"type":"collection-template","settings":{"per_row":4,"collection_image_enable":true,"collection_sort_enable":false}},"product-template":{"type":"product-template","settings":{"image_size":"medium","social_enable":true}},"article-template":{"type":"article-template","settings":{"blog_show_tags":true,"blog_show_date":true,"blog_show_comments":true,"blog_show_author":false,"social_sharing_blog":true}},"1498163293234":{"type":"featured-content","settings":{"divider":false}},"1498501481980":{"type":"fading-images","blocks":{"1498501481980-0":{"type":"image","settings":{"image":"","focal_point":"center center","slide_title1":"Beautifully animated","slide_title2":"titles and images"}},"1498501481980-1":{"type":"image","settings":{"image":"","focal_point":"center center","slide_title1":"Use this section","slide_title2":"to impress"}},"1498501481980-2":{"type":"image","settings":{"image":"","focal_point":"center center","slide_title1":"And highlight","slide_title2":"important details"}}},"block_order":["1498501481980-0","1498501481980-1","1498501481980-2"],"settings":{"slide_speed":5,"color_overlay":"#000","color_overlay_opacity":30}},"blog-template":{"type":"blog-template","settings":{"blog_show_tag_filter":true,"blog_show_rss":false,"blog_show_tags":true,"blog_show_date":true,"blog_show_comments":true,"blog_show_author":false}},"1566999869051":{"type":"featured-collection-switcher","settings":{}},"1499789718857":{"type":"featured-collections","blocks":{"1499789718857-0":{"type":"collection","settings":{"collection":"","size":"wide"}},"1499789718857-1":{"type":"collection","settings":{"collection":"","size":"square-small"}},"1499789718857-2":{"type":"collection","settings":{"collection":"","size":"square-small"}},"1499789718857-3":{"type":"collection","settings":{"collection":"","size":"square-small"}},"1499789718857-4":{"type":"collection","settings":{"collection":"","size":"square-small"}},"1499789718857-5":{"type":"collection","settings":{"collection":"","size":"wide"}}},"block_order":["1499789718857-0","1499789718857-1","1499789718857-2","1499789718857-3","1499789718857-4","1499789718857-5"],"settings":{"title":"","divider":false}},"1499790529450":{"type":"hero-video","settings":{"title":"Bring your\nbrand to life.","title_size":80,"subheading":"Seamless hero videos","link_text":"","link":"","video_url":"https:\/\/www.youtube.com\/watch?v=_9VUPq3SxOc","section_height":"650px"}},"1499790633921":{"type":"background-image-text","settings":{"subtitle":"Impressive","title":"Large image and text","text":"<p>Pair large text with a full-width image to draw attention to an important detail of your brand or product line.<\/p>","button_label":"","button_link":"","image":"","color_border":"#f4f4f4","layout":"left","height":650}},"1499790731541":{"type":"collection-callout","settings":{"collection":"","subtitle":"Brand new","title":"Collection callout","text":"Use this section to easily call attention to one of your collections. We'll show photos of the first 5 products.","cta_text1":"Shop Jackets","cta_link1":"","cta_text2":"Shop All","cta_link2":"","divider":false}},"1499790782828":{"type":"text-columns","blocks":{"1499790782828-0":{"type":"text_block","settings":{"enable_image":true,"image":"","title":"Example title","text":"<p>Use this section to explain a set of product features, to link to a series of pages, or to answer common questions about your products. Add images for emphasis.<\/p>","button_label":"","button_link":""}},"1499790782828-1":{"type":"text_block","settings":{"enable_image":true,"image":"","title":"Example title","text":"<p>Use this section to explain a set of product features, to link to a series of pages, or to answer common questions about your products. Add images for emphasis.<\/p>","button_label":"","button_link":""}},"1499790782828-2":{"type":"text_block","settings":{"enable_image":true,"image":"","title":"Example title","text":"<p>Use this section to explain a set of product features, to link to a series of pages, or to answer common questions about your products. Add images for emphasis.<\/p>","button_label":"","button_link":""}}},"block_order":["1499790782828-0","1499790782828-1","1499790782828-2"],"settings":{"title":"","divider":false}},"product-sections-template":{"type":"product-sections-template","blocks":{"product-image-row":{"type":"image-row","settings":{}},"product-text-and-image":{"type":"text-and-image","settings":{}},"product-background-image-text":{"type":"background-image-text","settings":{"layout":"right"}},"product-text-columns":{"type":"text-columns","settings":{}},"product-hero-video":{"type":"hero-video","settings":{}}},"block_order":["product-image-row","product-text-and-image","product-background-image-text","product-text-columns","product-hero-video"],"settings":{}},"page-sections-template":{"type":"page-sections-template","blocks":{"page-fading-images":{"type":"fading-images","settings":{}},"page-rich-text":{"type":"rich-text","settings":{"title":"","enlarge_text":true}},"page-text-columns":{"type":"text-columns","settings":{}},"page-background-image-text":{"type":"background-image-text","settings":{"layout":"right"}},"page-featured-collection":{"type":"featured-collection","settings":{}}},"block_order":["page-fading-images","page-rich-text","page-text-columns","page-background-image-text","page-featured-collection"],"settings":{}}},"content_for_index":["1499790529450","1566999869051","1498163293234","1499789718857","1498501481980","1499790731541","1499790633921","1499790782828"]},"Elegant":{"color_body_bg":"#ffffff","color_body_text":"#000000","color_borders":"#e8e8e1","color_button":"#353956","color_button_text":"#fff","color_header":"#ffffff","color_header_text":"#040404","color_footer":"#17172c","color_footer_text":"#fff","color_drawer_background":"#ffffff","color_drawer_text":"#17172c","color_drawer_border":"#e8e8e1","color_drawer_button":"#353956","color_drawer_button_text":"#ffffff","color_modal_overlays":"#17172c","color_image_2":"#17172c","color_image_2_opacity":0,"color_image_1":"#17172c","color_image_1_opacity":32,"color_small_image_bg":"#f4f4f4","color_large_image_bg":"#17172c","type_header_spacing":"0","type_header_font_family":"bauer_bodoni_n7","type_header_base_size":42,"type_header_line_height":1.3,"type_base_font_family":"futura_n4","type_base_spacing":"25","type_base_size":17,"type_base_line_height":1.6,"icon_weight":"3px","icon_linecaps":"miter","animate_page_transitions":true,"animate_page_transition_style":"page-slow-fade","animate_sections":true,"animate_sections_background_style":"zoom-fade","animate_sections_text_style":"rise-up","animate_images":true,"animate_images_style":"zoom-fade","animate_buttons":true,"animate_underlines":true,"quick_shop_text":"Quick view","cart_type":"drawer","currency_format":"money_format","supported_currencies":"USD CAD INR GBP AUD EUR JPY","default_currency":"USD","share_facebook":true,"share_twitter":true,"share_pinterest":true,"checkout_header_image":"","checkout_logo_image":"","checkout_logo_position":"left","checkout_logo_size":"medium","checkout_body_background_image":"","checkout_body_background_color":"#fff","checkout_input_background_color_mode":"white","checkout_sidebar_background_image":"","checkout_sidebar_background_color":"#fafafa","checkout_heading_font":"Helvetica Neue","checkout_body_font":"Helvetica Neue","checkout_accent_color":"#111111","checkout_button_color":"#111111","checkout_error_color":"#ff6d6d","color_image_bg":"#000000","breadcrumb":true,"color_sale_tag":"#990000","color_input":"#ffffff","checkout_banner_background_color":"#fff","checkout_call_to_action_color":"#a26b25","checkout_use_header_image":false,"sections":{"header":{"type":"header","settings":{"main_menu_link_list":"main-menu","sticky_index":true,"sticky_collection":false,"show_announcement":true}},"footer":{"type":"footer","blocks":{"1494292481350":{"type":"logo_social","settings":{"container_width":20}},"1494292485313":{"type":"menu","settings":{"menu":"main-menu","container_width":20}},"1494292487693":{"type":"newsletter","settings":{"container_width":33}},"1494301487049":{"type":"menu","settings":{"menu":"footer","container_width":20}}},"block_order":["1494292481350","1494301487049","1494292485313","1494292487693"],"settings":{"show_payment_icons":false}},"collection-template":{"type":"collection-template","settings":{"per_row":4,"collection_image_enable":true,"collection_sort_enable":false}},"product-template":{"type":"product-template","settings":{"image_size":"medium","social_enable":true}},"article-template":{"type":"article-template","settings":{"blog_show_tags":true,"blog_show_date":true,"blog_show_comments":true,"blog_show_author":false,"social_sharing_blog":true}},"1498163293234":{"type":"featured-content","settings":{"divider":false}},"1498501481980":{"type":"fading-images","blocks":{"1498501481980-0":{"type":"image","settings":{"image":"","focal_point":"center center","slide_title1":"Beautifully animated","slide_title2":"titles and images"}},"1498501481980-1":{"type":"image","settings":{"image":"","focal_point":"center center","slide_title1":"Use this section","slide_title2":"to impress"}},"1498501481980-2":{"type":"image","settings":{"image":"","focal_point":"center center","slide_title1":"And highlight","slide_title2":"important details"}}},"block_order":["1498501481980-0","1498501481980-1","1498501481980-2"],"settings":{"slide_speed":5,"color_overlay":"#000","color_overlay_opacity":30}},"blog-template":{"type":"blog-template","settings":{"blog_show_tag_filter":true,"blog_show_rss":false,"blog_show_tags":true,"blog_show_date":true,"blog_show_comments":true,"blog_show_author":false}},"1566999869051":{"type":"featured-collection-switcher","settings":{}},"1499789718857":{"type":"featured-collections","blocks":{"1499789718857-0":{"type":"collection","settings":{"collection":"","size":"wide"}},"1499789718857-1":{"type":"collection","settings":{"collection":"","size":"square-small"}},"1499789718857-2":{"type":"collection","settings":{"collection":"","size":"square-small"}},"1499789718857-3":{"type":"collection","settings":{"collection":"","size":"square-small"}},"1499789718857-4":{"type":"collection","settings":{"collection":"","size":"square-small"}},"1499789718857-5":{"type":"collection","settings":{"collection":"","size":"wide"}}},"block_order":["1499789718857-0","1499789718857-1","1499789718857-2","1499789718857-3","1499789718857-4","1499789718857-5"],"settings":{"title":"","divider":false}},"1499790529450":{"type":"hero-video","settings":{"title":"Bring your\nbrand to life.","title_size":80,"subheading":"Seamless hero videos","link_text":"","link":"","video_url":"https:\/\/www.youtube.com\/watch?v=_9VUPq3SxOc","section_height":"650px"}},"1499790633921":{"type":"background-image-text","settings":{"subtitle":"Impressive","title":"Large image and text","text":"<p>Pair large text with a full-width image to draw attention to an important detail of your brand or product line.<\/p>","button_label":"","button_link":"","image":"","color_border":"#f4f4f4","layout":"left","height":650}},"1499790731541":{"type":"collection-callout","settings":{"collection":"","subtitle":"Brand new","title":"Collection callout","text":"Use this section to easily call attention to one of your collections. We'll show photos of the first 5 products.","cta_text1":"Shop Jackets","cta_link1":"","cta_text2":"Shop All","cta_link2":"","divider":false}},"1499790782828":{"type":"text-columns","blocks":{"1499790782828-0":{"type":"text_block","settings":{"enable_image":true,"image":"","title":"Example title","text":"<p>Use this section to explain a set of product features, to link to a series of pages, or to answer common questions about your products. Add images for emphasis.<\/p>","button_label":"","button_link":""}},"1499790782828-1":{"type":"text_block","settings":{"enable_image":true,"image":"","title":"Example title","text":"<p>Use this section to explain a set of product features, to link to a series of pages, or to answer common questions about your products. Add images for emphasis.<\/p>","button_label":"","button_link":""}},"1499790782828-2":{"type":"text_block","settings":{"enable_image":true,"image":"","title":"Example title","text":"<p>Use this section to explain a set of product features, to link to a series of pages, or to answer common questions about your products. Add images for emphasis.<\/p>","button_label":"","button_link":""}}},"block_order":["1499790782828-0","1499790782828-1","1499790782828-2"],"settings":{"title":"","divider":false}}},"content_for_index":["1499790529450","1566999869051","1498163293234","1499789718857","1498501481980","1499790731541","1499790633921","1499790782828"]},"Minimal":{"color_body_bg":"#ffffff","color_body_text":"#000000","color_borders":"#f0f1f3","color_button":"#111111","color_button_text":"#fff","color_header":"#fff","color_header_text":"#000","color_footer":"#f0f1f3","color_footer_text":"#2c2c2c","color_drawer_background":"#ffffff","color_drawer_text":"#000000","color_drawer_border":"#f0f1f3","color_drawer_button":"#111111","color_drawer_button_text":"#ffffff","color_modal_overlays":"#aeb1b8","color_image_2":"#000000","color_image_2_opacity":0,"color_image_1":"#000000","color_image_1_opacity":26,"color_small_image_bg":"#ffffff","color_large_image_bg":"#dedfe1","type_header_spacing":"50","type_header_font_family":"chivo_n7","type_header_base_size":34,"type_header_line_height":1.2,"type_header_accent_transform":true,"type_base_font_family":"neuzeit_office_n4","type_base_spacing":"25","type_base_size":16,"type_base_line_height":1.6,"type_base_accent_transform":true,"icon_weight":"2px","icon_linecaps":"round","animate_page_transitions":true,"animate_page_transition_style":"page-slide-reveal-down","animate_sections":true,"animate_sections_background_style":"zoom-fade","animate_sections_text_style":"rise-up","animate_images":true,"animate_images_style":"fade-in","animate_buttons":true,"animate_underlines":true,"quick_shop_text":"Quick view","cart_type":"drawer","currency_format":"money_format","supported_currencies":"USD CAD INR GBP AUD EUR JPY","default_currency":"USD","share_facebook":true,"share_twitter":true,"share_pinterest":true,"checkout_header_image":"","checkout_logo_image":"","checkout_logo_position":"left","checkout_logo_size":"medium","checkout_body_background_image":"","checkout_body_background_color":"#fff","checkout_input_background_color_mode":"white","checkout_sidebar_background_image":"","checkout_sidebar_background_color":"#fafafa","checkout_heading_font":"Helvetica Neue","checkout_body_font":"Helvetica Neue","checkout_accent_color":"#111111","checkout_button_color":"#111111","checkout_error_color":"#ff6d6d","color_image_bg":"#000000","breadcrumb":true,"color_sale_tag":"#990000","color_input":"#ffffff","checkout_banner_background_color":"#fff","checkout_call_to_action_color":"#a26b25","checkout_use_header_image":false,"sections":{"header":{"type":"header","settings":{"main_menu_link_list":"main-menu","sticky_index":false,"sticky_collection":false,"show_announcement":true}},"footer":{"type":"footer","blocks":{"1494292481350":{"type":"logo_social","settings":{"container_width":20}},"1494292485313":{"type":"menu","settings":{"menu":"main-menu","container_width":20}},"1494292487693":{"type":"newsletter","settings":{"container_width":33}},"1494301487049":{"type":"menu","settings":{"menu":"footer","container_width":20}}},"block_order":["1494292481350","1494301487049","1494292485313","1494292487693"],"settings":{"show_payment_icons":false}},"collection-template":{"type":"collection-template","settings":{"per_row":4,"collection_image_enable":true,"collection_sort_enable":false}},"product-template":{"type":"product-template","settings":{"image_size":"medium","social_enable":true}},"article-template":{"type":"article-template","settings":{"blog_show_tags":true,"blog_show_date":true,"blog_show_comments":true,"blog_show_author":false,"social_sharing_blog":true}},"1498163293234":{"type":"featured-content","settings":{"divider":false}},"1498501481980":{"type":"fading-images","blocks":{"1498501481980-0":{"type":"image","settings":{"image":"","focal_point":"center center","slide_title1":"Beautifully animated","slide_title2":"titles and images"}},"1498501481980-1":{"type":"image","settings":{"image":"","focal_point":"center center","slide_title1":"Use this section","slide_title2":"to impress"}},"1498501481980-2":{"type":"image","settings":{"image":"","focal_point":"center center","slide_title1":"And highlight","slide_title2":"important details"}}},"block_order":["1498501481980-0","1498501481980-1","1498501481980-2"],"settings":{"slide_speed":5,"color_overlay":"#000","color_overlay_opacity":30}},"blog-template":{"type":"blog-template","settings":{"blog_show_tag_filter":true,"blog_show_rss":false,"blog_show_tags":true,"blog_show_date":true,"blog_show_comments":true,"blog_show_author":false}},"1566999869051":{"type":"featured-collection-switcher","settings":{}},"1499789718857":{"type":"featured-collections","blocks":{"1499789718857-0":{"type":"collection","settings":{"collection":"","size":"wide"}},"1499789718857-1":{"type":"collection","settings":{"collection":"","size":"square-small"}},"1499789718857-2":{"type":"collection","settings":{"collection":"","size":"square-small"}},"1499789718857-3":{"type":"collection","settings":{"collection":"","size":"square-small"}},"1499789718857-4":{"type":"collection","settings":{"collection":"","size":"square-small"}},"1499789718857-5":{"type":"collection","settings":{"collection":"","size":"wide"}}},"block_order":["1499789718857-0","1499789718857-1","1499789718857-2","1499789718857-3","1499789718857-4","1499789718857-5"],"settings":{"title":"","divider":false}},"1499790529450":{"type":"hero-video","settings":{"title":"Bring your\nbrand to life.","title_size":80,"subheading":"Seamless hero videos","link_text":"","link":"","video_url":"https:\/\/www.youtube.com\/watch?v=_9VUPq3SxOc","section_height":"650px"}},"1499790633921":{"type":"background-image-text","settings":{"subtitle":"Impressive","title":"Large image and text","text":"<p>Pair large text with a full-width image to draw attention to an important detail of your brand or product line.<\/p>","button_label":"","button_link":"","image":"","color_border":"#f4f4f4","layout":"left","height":650}},"1499790731541":{"type":"collection-callout","settings":{"collection":"","subtitle":"Brand new","title":"Collection callout","text":"Use this section to easily call attention to one of your collections. We'll show photos of the first 5 products.","cta_text1":"Shop Jackets","cta_link1":"","cta_text2":"Shop All","cta_link2":"","divider":false}},"1499790782828":{"type":"text-columns","blocks":{"1499790782828-0":{"type":"text_block","settings":{"enable_image":true,"image":"","title":"Example title","text":"<p>Use this section to explain a set of product features, to link to a series of pages, or to answer common questions about your products. Add images for emphasis.<\/p>","button_label":"","button_link":""}},"1499790782828-1":{"type":"text_block","settings":{"enable_image":true,"image":"","title":"Example title","text":"<p>Use this section to explain a set of product features, to link to a series of pages, or to answer common questions about your products. Add images for emphasis.<\/p>","button_label":"","button_link":""}},"1499790782828-2":{"type":"text_block","settings":{"enable_image":true,"image":"","title":"Example title","text":"<p>Use this section to explain a set of product features, to link to a series of pages, or to answer common questions about your products. Add images for emphasis.<\/p>","button_label":"","button_link":""}}},"block_order":["1499790782828-0","1499790782828-1","1499790782828-2"],"settings":{"title":"","divider":false}}},"content_for_index":["1499790529450","1566999869051","1498163293234","1499789718857","1498501481980","1499790731541","1499790633921","1499790782828"]}}}